reward,length,success,collision,travel_time,min_ttc,unsafe_ttc_events,safety_interventions
7.33934399214405,63,True,False,12.6,1.0652859726555697,14,0
4.466222270293084,142,True,False,28.4,1.0291995531797133,21,0
1.2674898692140402,89,False,True,17.8,1.0678848504737701,27,0
5.5944967385536195,149,True,False,29.8,1.302451940301962,33,0
5.025943955974165,128,True,False,25.6,1.4759275822212994,37,0
3.6813711306390884,133,True,False,26.6,0.8839756476546813,20,0
2.4662222702930845,71,False,True,14.2,1.94433342621677,2,0
1.471969624738523,151,False,False,30.2,0.8702288809500851,21,0
1.8665484240173345,31,False,True,6.2,1.8494451943916481,3,0
0.646520191018443,41,False,True,8.2,0.8415881580440395,23,0
1.3245230965714914,57,False,True,11.4,0.8893329497492303,25,0
4.002860980179793,151,False,False,30.2,0.9425359913216746,78,0
2.8372888193043235,151,False,False,30.2,1.1177782494110702,65,0
1.6667599317563555,34,False,True,6.8,0.8672236364262199,11,0
3.0663998753720962,151,False,False,30.2,0.784275860943585,51,0
0.5253632056524773,73,False,True,14.6,0.8424332244651909,21,0
3.0663998753720962,151,False,False,30.2,1.0833580262141926,50,0
7.142693302906668,84,True,False,16.8,1.0608708384565402,33,0
4.598547149209107,151,False,False,30.2,1.0015263041531661,83,0
2.2662955449106943,44,False,True,8.8,1.4626156267089252,8,0
3.4662222702930845,151,False,False,30.2,1.3071521248231406,24,0
1.4670610824238293,48,False,True,9.6,0.8915534785116129,17,0
2.0614360474733378,151,False,False,30.2,0.669863056855193,32,0
6.208802201097324,82,True,False,16.4,1.0733063067929638,33,0
3.466078927168879,49,False,True,9.8,1.6308576765923617,6,0
4.202076841835227,151,True,False,30.2,1.105992615552274,35,0
1.6667599317563555,74,False,True,14.8,0.7725855206663743,21,0
1.4670610824238293,41,False,True,8.2,1.7185873627195416,4,0
1.4803404703215506,53,False,True,10.6,0.9588024249703239,20,0
4.6661708071871635,135,True,False,27.0,1.7755248815614793,10,0
0.9934610295028143,51,False,True,10.2,1.0227698564277234,17,0
0.6702073579087879,49,False,True,9.8,0.880188017570743,15,0
4.49688809486095,95,True,False,19.0,0.9347264264074782,41,0
5.811500951179999,144,True,False,28.8,0.9632129244053144,61,0
5.121391398236393,107,True,False,21.4,0.6567733093799176,46,0
2.732065870881445,151,False,False,30.2,0.8359958008315721,49,0
5.134152040560377,150,True,False,30.0,0.9373127043606734,50,0
4.630790048082947,150,True,False,30.0,1.293020376216624,45,0
6.601777167341208,77,True,False,15.4,0.639232334913171,27,0
5.051457511879724,151,False,False,30.2,1.5563998248380595,25,0
2.629984022592347,47,False,True,9.4,1.3573741084397848,12,0
5.003088558338502,89,True,False,17.8,0.8210766601030669,28,0
1.5844387409183824,151,False,False,30.2,0.8479825010283155,61,0
3.4670610824238293,140,True,False,28.0,0.996588599925875,25,0
2.4662222702930845,68,False,True,13.6,1.1003389223688425,19,0
5.993317855955707,96,True,False,19.2,0.9090724063709831,32,0
0.07805140961983326,27,False,True,5.4,1.8556403316734418,4,0
3.890730967701752,138,True,False,27.6,1.3160592877953003,19,0
1.6971289458132988,24,False,True,4.8,1.4417526178501285,4,0
2.5027450175834534,59,False,True,11.8,1.240528550844245,15,0
3.0663998753720962,151,False,False,30.2,0.9897980708790152,39,0
2.112581996549053,43,False,True,8.6,1.5086004277944118,9,0
1.2674898692140402,27,False,True,5.4,1.8721011087820216,3,0
1.7036616238372502,70,False,True,14.0,0.9341226410120504,29,0
2.8501927264032365,151,False,False,30.2,1.094417903011694,68,0
4.6661708071871635,137,True,False,27.4,0.8806761292794006,26,0
7.432743968337731,126,True,False,25.2,1.4359115295425553,35,0
2.0663998753720962,45,False,True,9.0,1.898697264728124,2,0
5.415569629667036,141,True,False,28.2,0.7536165938560752,78,0
2.362360977050482,121,True,False,24.2,0.9193683554969949,31,0
5.746876571542174,132,True,False,26.4,1.352851095897539,50,0
4.816152554259018,142,True,False,28.4,1.0258348657197378,59,0
2.4710596501156963,151,False,False,30.2,1.0400400470661995,77,0
4.718595583671279,125,True,False,25.0,1.2874226551545318,51,0
1.8665484240173345,33,False,True,6.6,1.8587940295288359,3,0
1.920960678842424,48,False,True,9.6,1.2168887232147507,14,0
6.996898885917786,109,True,False,21.8,0.8323561093447115,41,0
1.942711007028516,123,True,False,24.6,0.9595257143695979,30,0
5.170751590027637,149,True,False,29.8,0.8555763526890405,64,0
4.501062279480532,142,True,False,28.4,0.8530066615187099,48,0
2.8589694872241216,151,False,False,30.2,0.9375701118782164,64,0
0.6636282840415458,151,False,False,30.2,0.8457032689940915,62,0
1.1999648082767413,151,False,False,30.2,0.9350434676257272,46,0
4.266295544910694,148,True,False,29.6,1.1601422355494855,53,0
6.791269787188515,90,True,False,18.0,1.0162853848847744,41,0
0.2704870483660462,34,False,True,6.8,0.964005746528802,21,0
2.2662955449106943,49,False,True,9.8,1.5054096016760217,10,0
0.8689696615894129,42,False,True,8.4,1.087438032508308,19,0
4.666070132729559,151,False,False,30.2,1.4255620541974985,25,0
2.4662222702930845,37,False,True,7.4,1.5366273494632188,12,0
3.448627003205074,151,False,False,30.2,0.9882861977364906,65,0
6.401242166967124,114,True,False,22.8,0.8290647162585653,54,0
5.017500536564335,93,True,False,18.6,0.8410898011854336,41,0
5.415789912934427,151,False,False,30.2,0.8043064329804336,51,0
5.829886089135257,73,True,False,14.6,1.1595766048941782,26,0
2.6661708071871635,33,False,True,6.6,1.8438073023673085,3,0
0.8689696615894129,92,False,True,18.4,0.9705503549418285,24,0
3.1880667550550026,151,False,False,30.2,0.7847985225507706,27,0
0.8689696615894129,106,False,True,21.2,1.0532576469700285,32,0
5.195165318318782,147,True,False,29.4,1.3658065622137996,35,0
2.0663998753720962,48,False,True,9.6,0.7233537586537908,19,0
4.8660639561137415,151,False,False,30.2,1.1349047124499394,51,0
4.466222270293084,142,True,False,28.4,1.4611057115267971,38,0
7.137928465906357,92,True,False,18.4,1.2009709135627842,28,0
2.8661346630030327,53,False,True,10.6,0.8159937023845515,17,0
3.6948370281068645,151,False,False,30.2,1.3638693714188697,74,0
4.215881628923618,151,False,False,30.2,1.3246978204381072,41,0
4.666070132729559,151,False,False,30.2,1.1039447125345352,62,0
6.109184681808972,72,True,False,14.4,1.0792602939361644,21,0
2.242532247162611,151,False,False,30.2,1.1089217783837404,26,0
5.800705257792467,141,True,False,28.2,1.3450025796765446,31,0
1.6667599317563555,87,False,True,17.4,0.7235523164106856,26,0
4.866134663003033,118,True,False,23.6,1.4288288192671905,13,0
6.193455694000832,145,True,False,29.0,1.2317734645192207,45,0
3.2662955449106943,151,False,False,30.2,1.4775715314042563,36,0
4.79681162106235,151,False,False,30.2,1.0419106565202434,61,0
3.2397437703146394,151,False,False,30.2,1.6410962285281934,31,0
5.616517287212963,104,True,False,20.8,1.2146668001284688,39,0
7.2342586680089305,105,True,False,21.0,1.1370080654141483,39,0
7.629794712387712,71,True,False,14.2,1.2669515131793256,16,0
3.8660639561137415,37,False,True,7.4,1.4059133835829098,9,0
6.2796679002251174,76,True,False,15.2,1.267346226397325,22,0
3.8661346630030327,151,False,False,30.2,0.9202545543078982,41,0
0.6867113540190677,90,False,True,18.0,0.9131270671650961,40,0
7.091950234036278,61,True,False,12.2,1.1987954042597517,17,0
2.4662222702930845,71,False,True,14.2,0.8916576356891972,22,0
3.0088597639316346,151,False,False,30.2,0.8612967930146219,39,0
5.495686738144441,135,True,False,27.0,1.530579838031354,34,0
2.6661708071871635,45,False,True,9.0,1.1293840818378689,12,0
4.466078927168879,151,False,False,30.2,1.0157918482389168,55,0
1.6122146009415648,34,False,True,6.8,1.0939898555235805,12,0
5.787737014678231,148,True,False,29.6,1.1036204749753142,27,0
1.8665484240173345,73,False,True,14.6,1.3820434644144377,14,0
2.8665484240173345,151,False,False,30.2,0.9716798717597327,39,0
5.7897147467463475,133,True,False,26.6,1.2407124973935348,65,0
3.0663998753720962,151,False,False,30.2,1.3039574449682534,33,0
4.866051873138256,39,False,True,7.8,0.7069041884193443,10,0
3.2660914489389246,44,False,True,8.8,0.6163600929887656,12,0
2.8466186251856507,151,False,False,30.2,0.8994578071861911,56,0
3.924950386351561,151,False,False,30.2,1.4260868694619688,26,0
4.3044315948902785,146,True,False,29.2,1.0455043940220126,33,0
5.3908593616665,151,False,False,30.2,0.7854484363010638,36,0
6.413544658581018,75,True,False,15.0,1.2945548950400476,16,0
2.0663998753720962,49,False,True,9.8,1.7435662914367138,8,0
1.9046501382392234,73,False,True,14.6,0.8831346897379324,28,0
3.703527518912787,109,True,False,21.8,1.6151759000764057,14,0
1.8665484240173345,36,False,True,7.2,1.837943690099191,2,0
4.84862838550632,44,False,True,8.8,1.6742027464995501,4,0
4.851408352470543,132,True,False,26.4,1.5240183519777952,28,0
2.6661708071871635,31,False,True,6.2,1.575163545323627,3,0
1.7204402657133109,100,False,True,20.0,1.1276181874612548,42,0
6.017948638324466,81,True,False,16.2,1.46811336863991,28,0
-0.37580627336911343,44,False,True,8.8,0.8580603537337534,28,0
2.687463978258886,151,False,False,30.2,0.9526532352419989,59,0
5.2267033133396,105,True,False,21.0,1.2982502407996845,30,0
1.1204187298411639,76,False,True,15.2,1.4291210725629058,13,0
4.9055270946798295,93,True,False,18.6,1.1993489075787678,40,0
2.2662955449106943,80,False,True,16.0,0.9783218138199102,13,0
5.637189893120853,123,True,False,24.6,1.0710494309234562,54,0
4.344840076260679,147,True,False,29.4,1.0030160971514612,54,0
3.2660914489389246,64,False,True,12.8,0.9743913531095946,9,0
3.4662222702930845,151,False,False,30.2,1.2138798806208104,30,0
5.208402260410967,102,True,False,20.4,0.8344153478066325,44,0
3.4865432279588227,90,True,False,18.0,0.8190599085787894,39,0
3.663327018318043,151,False,False,30.2,0.8807520440023341,74,0
3.066109277787292,43,False,True,8.6,1.657392449622638,11,0
6.592155768204096,79,True,False,15.8,0.9549412989214826,26,0
0.707873077417688,47,False,True,9.4,1.2444875983023955,22,0
2.4662222702930845,111,False,True,22.2,0.8339998375083231,32,0
3.2660914489389246,68,False,True,13.6,1.4759026191479108,8,0
2.6667599317563555,151,False,False,30.2,1.3268521519718088,34,0
4.066109277787292,151,False,False,30.2,1.2738519365424799,48,0
3.4775638774468036,151,False,False,30.2,0.7362376742476053,21,0
2.4662222702930845,45,False,True,9.0,1.8986382795917371,3,0
4.066109277787292,151,False,False,30.2,0.976852903202741,64,0
1.30734724906655,77,False,True,15.4,0.8027702744754228,38,0
2.396368812109896,151,False,False,30.2,0.9021606391506009,40,0
6.139589734987925,112,True,False,22.4,1.246008242419257,52,0
2.2812111942073603,151,False,False,30.2,0.9086710846172993,33,0
5.616852782839548,67,True,False,13.4,0.9789981371865515,15,0
2.868969661589413,136,True,False,27.2,0.9858046125253837,32,0
2.4843360373678154,80,False,True,16.0,1.2277763466068192,22,0
5.819750165188715,145,True,False,29.0,1.2961314527543724,51,0
1.4368733875350421,66,False,True,13.2,0.9299075863181593,17,0
2.0663998753720962,85,False,True,17.0,1.1132512404880892,8,0
2.6661708071871635,46,False,True,9.2,1.7907549627089046,7,0
1.58883047762416,65,False,True,13.0,0.7901298981410518,22,0
5.0961044878707,148,True,False,29.6,0.7577874872416724,48,0
9.102118277950659,49,True,False,9.8,1.9763423924795105,2,0
2.0663998753720962,47,False,True,9.4,1.7825995794327452,7,0
1.3901337529022362,119,False,True,23.8,0.9050930778375692,55,0
5.787914162719618,151,False,False,30.2,1.1926080835025006,55,0
1.868969661589413,151,False,False,30.2,0.8251605101534406,48,0
0.20098294429072938,46,False,True,9.2,1.0438347249408872,18,0
1.8665484240173345,31,False,True,6.2,1.0139086466790606,10,0
5.217419906537532,112,True,False,22.4,1.0158542898876965,39,0
5.18025555870581,113,True,False,22.6,0.6454863987402806,37,0
0.8689696615894129,64,False,True,12.8,1.1266042405886139,16,0
5.787314968833081,151,False,False,30.2,1.2980118049636302,58,0
2.60390931373266,151,False,False,30.2,1.6568040050697987,47,0
6.406138645908239,134,True,False,26.8,1.6897069477396778,21,0
4.878384625334077,80,True,False,16.0,1.41231051635117,20,0
2.6661708071871635,77,False,True,15.4,0.804531740194824,28,0
1.921991129029373,151,False,False,30.2,1.1204867534546012,41,0
3.6781348346438865,131,True,False,26.2,1.0362440796676697,36,0
5.007164775099114,138,True,False,27.6,0.6903140185108426,53,0
4.466078927168879,151,False,False,30.2,0.7513100901759115,36,0
3.19857277432823,151,False,False,30.2,1.1487901700107324,68,0
7.830084990301373,97,True,False,19.4,1.111167174321468,38,0
7.22422514836842,108,True,False,21.6,1.0126852398361978,46,0
1.068100387905572,20,False,True,4.0,1.4484688396659575,5,0
4.6499460693494505,139,True,False,27.8,1.04353545210906,61,0
3.6661708071871635,151,False,False,30.2,1.0939755728887748,49,0
5.19557065542635,101,True,False,20.2,1.154673147401807,21,0
3.6084245434619775,151,False,False,30.2,1.3079399242730971,65,0
3.880781816300353,145,True,False,29.0,1.045255268244056,40,0
4.878771512355185,94,True,False,18.8,0.9834064374033203,35,0
9.466049407911646,44,True,False,8.8,1.8084922788596742,2,0
3.6667599317563555,141,True,False,28.2,1.251401813906745,19,0
6.440256156407656,80,True,False,16.0,1.282830283943075,18,0
2.4662222702930845,65,False,True,13.0,1.2056128921353237,8,0
1.92509578641915,60,False,True,12.0,0.7183446621241639,20,0
3.066109277787292,46,False,True,9.2,1.7283761472990886,9,0
1.6667599317563555,38,False,True,7.6,1.6857826303985017,2,0
1.068100387905572,31,False,True,6.2,1.8696757045058097,4,0
5.413289799612195,151,False,False,30.2,1.026954764397486,56,0
5.629165980697838,151,False,False,30.2,0.7937271615803407,34,0
0.5282260127072431,88,False,True,17.6,0.8538076226790369,38,0
6.184062590056592,91,True,False,18.2,0.9991262190243309,38,0
8.539960571014394,55,True,False,11.0,0.7039161705289217,9,0
2.2662955449106943,47,False,True,9.4,1.8660529785219975,2,0
0.471969624738523,65,False,True,13.0,0.8639917535608264,14,0
2.89381189878956,126,True,False,25.2,1.0540328446872065,46,0
1.9889516565779923,151,False,False,30.2,0.9961360909482481,67,0
2.8661346630030327,54,False,True,10.8,1.1736568262653262,15,0
4.466222270293084,127,True,False,25.4,1.483900282686406,15,0
3.713438876425626,151,False,False,30.2,0.9543423059479169,42,0
1.4670610824238293,41,False,True,8.2,1.293440479001891,15,0
1.6667599317563555,43,False,True,8.6,1.072334838826343,10,0
5.486397306534536,128,True,False,25.6,1.4488041480314657,40,0
5.8023121185397555,131,True,False,26.2,0.65277921285129,30,0
3.8661346630030327,151,False,False,30.2,1.0936066871740753,52,0
4.066109277787292,151,False,False,30.2,1.3172346043543723,47,0
1.6097111149277024,45,False,True,9.0,0.947470143656765,23,0
1.5199899701791728,48,False,True,9.6,1.0935370015463313,23,0
2.3289646061095457,53,False,True,10.6,1.2073513291063749,17,0
3.8769070735480375,151,False,False,30.2,0.8900318894825308,76,0
0.6702073579087879,71,False,True,14.2,0.817676291292737,21,0
6.576552190037297,67,True,False,13.4,0.840063781830727,23,0
5.325057163631679,116,True,False,23.2,1.0931239680035199,33,0
2.678140276909292,151,False,False,30.2,1.2338450315967724,22,0
1.3948739685240055,43,False,True,8.6,0.8154040512034401,21,0
4.816060599178158,137,True,False,27.4,0.9680306797945244,45,0
1.057781356225405,75,False,True,15.0,1.0098998813142188,28,0
4.439188291312485,121,True,False,24.2,1.113000273473214,58,0
3.83614488670117,74,True,False,14.8,1.055906120567777,30,0
2.0663998753720962,91,False,True,18.2,0.9398410743089419,32,0
2.7146030351414945,36,False,True,7.2,1.6544012944054822,5,0
1.6667599317563555,29,False,True,5.8,1.3245767692130554,10,0
1.4522584315751983,65,False,True,13.0,0.8527824099285068,20,0
4.588803437667629,119,True,False,23.8,1.0928086088004503,43,0
5.066109277787292,149,True,False,29.8,0.7672080195979298,34,0
3.066109277787292,56,False,True,11.2,0.9786806307333927,13,0
2.509388791696936,145,True,False,29.0,0.9552240855905942,37,0
4.066109277787292,151,False,False,30.2,0.9139445036589225,26,0
6.110173968049708,128,True,False,25.6,0.8026228227821124,56,0
3.3447784121439854,124,True,False,24.8,1.3319115450076673,40,0
1.4670610824238293,25,False,True,5.0,1.064466760107618,10,0
4.356546774631616,130,True,False,26.0,1.0376328941088497,47,0
6.145751750118955,55,True,False,11.0,1.9242832953745197,2,0
2.5179274592772978,151,False,False,30.2,0.8453280441654233,43,0
3.1051735909723854,114,True,False,22.8,1.2007704415887925,21,0
5.066059618079039,151,False,False,30.2,1.4041120717896691,49,0
6.666052928649228,114,True,False,22.8,1.0932153405960698,21,0
2.6667599317563555,151,False,False,30.2,1.1164110105117446,39,0
5.43008247014955,131,True,False,26.2,1.5135565632019499,31,0
2.0663998753720962,24,False,True,4.8,0.7515405798641243,9,0
4.389962579626195,127,True,False,25.4,1.7407914686595518,22,0
2.51794043595629,151,False,False,30.2,1.3202841442024364,49,0
3.066109277787292,49,False,True,9.8,1.8348677602631176,4,0
2.4670610824238293,151,False,False,30.2,1.3359247579588995,22,0
6.737526779233876,142,True,False,28.4,0.975583876782135,68,0
2.3058694936164352,151,False,False,30.2,0.7061917795124466,35,0
3.2662955449106943,151,False,False,30.2,0.7986971101747852,35,0
5.594437243278398,140,True,False,28.0,1.0488834770046844,41,0
0.471969624738523,115,False,True,23.0,0.9143913923374938,51,0
3.466078927168879,53,False,True,10.6,1.078803784002954,9,0
2.1045535366477064,42,False,True,8.4,0.8652840572678959,20,0
6.423271964628145,115,True,False,23.0,0.8132185085757638,37,0
5.815954908984956,147,True,False,29.4,1.7517604480731546,17,0
8.987723466035268,95,True,False,19.0,1.449566168111906,27,0
3.6661708071871635,151,False,False,30.2,1.0724014283211145,64,0
5.666070132729559,123,True,False,24.6,1.0264426497140302,15,0
1.6213208751714352,47,False,True,9.4,0.7010117563527143,22,0
5.594480340853645,135,True,False,27.0,0.8647524208753418,46,0
9.666049400411723,46,True,False,9.2,1.8158630560853488,3,0
3.6406749683662185,143,True,False,28.6,0.8727024325130149,41,0
8.26604959264388,128,True,False,25.6,1.6551661198014829,29,0
6.019819052856014,78,True,False,15.6,0.8760567914506043,31,0
1.70446129106631,31,False,True,6.2,1.7460805898991048,5,0
5.077598738520059,145,True,False,29.0,0.7699046891939793,37,0
7.866049808299906,82,True,False,16.4,0.9879436532545038,31,0
4.1512104762904904,80,True,False,16.0,0.9210083391853914,27,0
4.662575056136706,107,True,False,21.4,1.1928081715024803,33,0
4.35545108287117,151,False,False,30.2,0.7989173561474141,50,0
3.5043301225926125,141,True,False,28.2,1.0675419023912138,38,0
2.6661708071871635,45,False,True,9.0,1.3797836278448772,18,0
2.2662955449106943,58,False,True,11.6,1.1052482670274684,23,0
1.4341573444674962,100,False,True,20.0,0.8544892521062711,34,0
1.6110489581770824,59,False,True,11.8,0.8327709500701662,22,0
2.2662955449106943,93,False,True,18.6,1.0545112575845603,26,0
2.4662222702930845,37,False,True,7.4,0.8125230974959359,10,0
1.6667599317563555,50,False,True,10.0,1.9907088749197057,2,0
5.795300761819101,92,True,False,18.4,0.9694241163788893,40,0
4.162672801875023,146,True,False,29.2,0.738496467765457,45,0
5.543971489360189,101,True,False,20.2,1.3894389740042752,28,0
2.2662955449106943,57,False,True,11.4,0.9107982359961309,22,0
4.866134663003033,147,True,False,29.4,1.6242665099820044,35,0
6.0662193782551865,127,True,False,25.4,1.0928546965813517,48,0
2.5202475451579414,151,False,False,30.2,1.1526579134610115,41,0
3.066109277787292,37,False,True,7.4,1.1582651297136761,9,0
1.670207357908788,151,False,False,30.2,1.3802542381587508,38,0
3.733078147405679,151,False,False,30.2,0.8901659909106467,65,0
5.925503657286258,105,True,False,21.0,1.138759017867347,34,0
6.9145009924956335,97,True,False,19.4,0.7786827540446478,39,0
3.724562352667601,151,False,False,30.2,0.9046494933562103,37,0
3.5629912479350114,109,True,False,21.8,1.2194831490618183,45,0
8.066049681617196,58,True,False,11.6,1.0517681309935034,16,0
1.5493907647314291,44,False,True,8.8,0.8166491510166953,14,0
3.6661708071871635,151,False,False,30.2,0.9744702394169339,29,0
3.504232033564917,73,False,True,14.6,1.3403224914420895,14,0
3.9147125000781133,127,True,False,25.4,1.1434684425520436,33,0
9.600000000000001,44,True,False,8.8,2.9424624968076154,0,0
2.8661346630030327,68,False,True,13.6,0.8592531456117044,14,0
3.4802774503234684,151,False,False,30.2,1.0436971930160115,70,0
6.696383716179133,86,True,False,17.2,1.0613921085526292,27,0
3.0857403452689685,151,False,False,30.2,1.3442694638378776,55,0
6.589817421422044,122,True,False,24.4,1.3648434783602879,41,0
1.2674898692140402,58,False,True,11.6,1.0847889540362867,27,0
1.068100387905572,98,False,True,19.6,0.9136991017007315,28,0
6.666536303967293,112,True,False,22.4,1.0266307127942822,47,0
4.412441388252172,94,True,False,18.8,1.0631015308430631,40,0
8.866049455443328,61,True,False,12.2,0.9895113120233241,15,0
3.8276916623924473,151,False,False,30.2,1.2590490761046316,57,0
6.066059618079039,104,True,False,20.8,1.7788275286171455,9,0
3.2660914489389246,82,False,True,16.4,0.7810269162164991,11,0
6.523411002432289,63,True,False,12.6,0.919630898670348,19,0
5.82598597773727,151,False,False,30.2,0.9960503587484101,26,0
3.789264585085544,151,False,False,30.2,1.5091579109321176,52,0
5.235189540329531,134,True,False,26.8,1.3555127254060981,47,0
3.0663998753720962,151,False,False,30.2,0.7840222131428712,35,0
1.8665484240173345,47,False,True,9.4,1.9255543512968287,4,0
0.9906566087736828,85,False,True,17.0,0.8477923445362737,20,0
3.6996740853417247,151,False,False,30.2,0.9250765163383807,54,0
4.077001838152235,151,False,False,30.2,0.8415011043752297,53,0
4.327807486473956,30,False,True,6.0,1.9386957191475267,1,0
3.066109277787292,40,False,True,8.0,1.6110153522777453,8,0
2.4662222702930845,41,False,True,8.2,0.9663880860231837,15,0
4.071426444944961,151,False,False,30.2,0.9768694996647563,44,0
2.118428754414787,70,False,True,14.0,0.9251320084540005,29,0
4.463827420683343,150,True,False,30.0,0.7615944048961277,62,0
5.103729351888198,148,True,False,29.6,1.44532630685311,12,0
1.4881013568944699,79,False,True,15.8,0.7792514807214412,34,0
7.388344024848876,77,True,False,15.4,0.7989097364737011,28,0
2.6661708071871635,81,False,True,16.2,1.520687016925966,13,0
2.2662955449106943,33,False,True,6.6,1.938013599996596,3,0
4.57629735458415,151,False,False,30.2,0.8988438655164082,73,0
3.7658025219780225,135,True,False,27.0,0.9828640178583252,59,0
9.466049407911646,47,True,False,9.4,1.902943312230887,3,0
5.738197766878482,93,True,False,18.6,0.9737106161052881,38,0
6.009915625788968,63,True,False,12.6,1.1366345620235618,21,0
3.2660914489389246,56,False,True,11.2,1.3342934602781698,15,0
6.902902437078079,142,True,False,28.4,0.9757831018934634,57,0
3.6660701327295593,41,False,True,8.2,1.9531847000464104,2,0
6.786372274564179,74,True,False,14.8,1.3622924611295124,14,0
4.735302715078127,122,True,False,24.4,0.9155605111377333,56,0
7.866049808299906,78,True,False,15.6,0.9047255513874756,32,0
4.266056571338615,106,False,True,21.2,0.9147543526314597,26,0
0.31149796239821725,66,False,True,13.2,1.0443133428732874,26,0
3.111624159174979,124,True,False,24.8,0.9098020735207881,39,0
3.2660914489389246,32,False,True,6.4,1.1840484969586291,11,0
0.8172970763009055,151,False,False,30.2,0.7656982354112507,35,0
1.707873077417688,151,False,False,30.2,1.1461507579929575,43,0
5.419715966851265,106,True,False,21.2,1.4147129168193382,28,0
4.676999180576276,146,True,False,29.2,1.4094658251350092,26,0
3.8660639561137415,77,False,True,15.4,0.9007663867646939,17,0
4.266295544910694,143,True,False,28.6,0.950248371836493,21,0
6.967176482978897,65,True,False,13.0,1.370214919468489,16,0
1.7970586152167454,34,False,True,6.8,1.1270999396228736,12,0
3.066109277787292,38,False,True,7.6,1.089013754615994,13,0
6.739680366492045,91,True,False,18.2,1.1228796183958443,24,0
3.2660914489389246,38,False,True,7.6,1.0975665591436545,10,0
3.085571944497841,151,False,False,30.2,0.8664688540542621,53,0
5.193942505675381,151,False,False,30.2,0.9471285886358124,63,0
5.294986404667437,129,True,False,25.8,1.5567367074405347,39,0
6.825216126526309,96,True,False,19.2,1.0357352938204598,33,0
1.883677250265218,151,False,False,30.2,0.9763662659500406,44,0
4.702569051358171,151,False,False,30.2,1.1104160812050028,56,0
7.518547592021766,56,True,False,11.2,0.7890113479733863,17,0
7.5995415917196905,53,True,False,10.6,1.2347952791806263,13,0
6.002090104534473,119,True,False,23.8,1.1858425033358206,35,0
6.788209308441134,104,True,False,20.8,1.462618274946884,31,0
4.921591076137874,36,False,True,7.2,1.99899219295003,1,0
9.200000000000003,42,True,False,8.4,1.8447170234869872,1,0
2.40381959676017,151,False,False,30.2,0.8246626285318301,57,0
2.0663998753720962,38,False,True,7.6,1.3555473191968688,9,0
5.264646054966077,124,True,False,24.8,1.1927968740298653,39,0
1.068100387905572,32,False,True,6.4,0.8664947354550342,7,0
6.038179056475114,129,True,False,25.8,1.1971784769997944,56,0
1.4819837141689711,51,False,True,10.2,0.8338509307644711,21,0
4.460234241126961,151,False,False,30.2,1.1532979846082756,45,0
3.8665484240173345,122,True,False,24.4,0.855917746614805,31,0
7.314703535871234,49,True,False,9.8,1.7832398362008888,5,0
3.4662222702930845,151,False,False,30.2,1.223273588660345,25,0
5.60078848294082,56,True,False,11.2,0.7527613344380665,17,0
1.8151712388683139,44,False,True,8.8,0.8320564970350774,22,0
5.630348516912833,92,True,False,18.4,1.0493928507112484,32,0
1.5907077447807856,51,False,True,10.2,0.9366853671947413,22,0
3.3664953840321745,151,False,False,30.2,0.7925935978367388,71,0
2.4662222702930845,37,False,True,7.4,1.1387920363038289,12,0
7.323456055635768,98,True,False,19.6,1.2201617851591398,36,0
6.469642648642706,98,True,False,19.6,1.6447227285512835,21,0
0.6702073579087879,42,False,True,8.4,0.9084603000634732,12,0
5.0944638415598975,151,False,False,30.2,1.4590011914351024,30,0
3.066109277787292,42,False,True,8.4,1.5322963295223753,4,0
4.866134663003033,131,True,False,26.2,1.1108667100768514,20,0
1.4670610824238293,59,False,True,11.8,0.905275053983007,20,0
2.7932143128260853,50,False,True,10.0,1.0259589110051097,24,0
1.8831382061786637,136,True,False,27.2,1.017844781989336,23,0
2.665286493563746,151,False,False,30.2,0.8773732017084568,47,0
9.066049433794742,46,True,False,9.2,1.6808690078926027,6,0
3.606813949632261,151,False,False,30.2,0.7790460483000344,39,0
4.588553358030538,140,True,False,28.0,0.793230230114632,50,0
3.8918682644708618,151,False,False,30.2,0.8115870342725438,34,0
3.8661346630030327,151,False,False,30.2,0.866184747449068,36,0
1.6622730481577275,151,False,False,30.2,0.9417443305787018,51,0
8.666049486267191,56,True,False,11.2,0.7854919447905516,14,0
1.068100387905572,92,False,True,18.4,0.8117017926499732,20,0
-0.11686179382133643,53,False,True,10.6,0.9074513009474403,24,0
2.080873758268312,151,False,False,30.2,1.0555992318098493,50,0
0.6638784738608332,55,False,True,11.0,0.8369526258950436,21,0
6.790807107588326,127,True,False,25.4,0.8593990456312103,57,0
2.105254864522814,77,False,True,15.4,1.0620582247466204,32,0
3.6660701327295593,53,False,True,10.6,1.4730389181620995,10,0
5.3339751095593435,115,True,False,23.0,0.7770632852479702,34,0
0.471969624738523,36,False,True,7.2,1.457338270311772,8,0
1.8665484240173345,99,False,True,19.8,0.8145826451027254,22,0
2.0663998753720962,80,False,True,16.0,0.9422842162592487,35,0
2.2662955449106943,30,False,True,6.0,1.5059398039368639,5,0
2.5879032031101716,86,False,True,17.2,1.2529860195585345,15,0
1.7919853180018865,151,False,False,30.2,0.9626290777439387,44,0
4.6825686115479055,151,False,False,30.2,1.2608972016225901,58,0
4.18777615558982,151,False,False,30.2,1.2281101264146894,33,0
1.4670610824238293,22,False,True,4.4,1.3345200770521704,6,0
8.103364535134133,115,True,False,23.0,0.8041248537480686,42,0
5.625268598715194,118,True,False,23.6,1.1296876864011542,54,0
4.187812634734278,151,False,False,30.2,0.8570108095738619,66,0
1.2674898692140402,50,False,True,10.0,1.8968091924257848,3,0
4.836961365253529,150,True,False,30.0,0.9477934839823888,45,0
2.6667599317563555,151,False,False,30.2,0.9254712517208501,52,0
2.26748986921404,151,False,False,30.2,1.12410807207319,29,0
8.066049681617196,99,True,False,19.8,1.0057657553345896,45,0
4.606650003959494,151,False,False,30.2,0.9565666749841593,55,0
3.066109277787292,28,False,True,5.6,0.7392798293591815,8,0
4.466222270293084,138,True,False,27.6,1.4504984733930444,21,0
2.0098842979879388,76,False,True,15.2,0.8178407450397369,18,0
3.4691190361234856,31,False,True,6.2,1.653444221014391,4,0
1.8665484240173345,50,False,True,10.0,1.9565887914468576,3,0
4.469929199157351,132,True,False,26.4,1.5050612362074756,24,0
2.8665484240173345,151,False,False,30.2,1.4868473136670675,62,0
2.6661708071871635,89,False,True,17.8,0.8244389853577582,26,0
2.0030428117742733,81,False,True,16.2,0.8205218845140181,28,0
4.107943954783679,105,True,False,21.0,1.1246012519669741,48,0
2.2662955449106943,42,False,True,8.4,0.8255076913044717,22,0
2.75445977369401,151,False,False,30.2,1.2023663602618961,29,0
3.6745383118197963,151,False,False,30.2,0.7932248899823279,21,0
5.373139620228307,116,True,False,23.2,0.9258437640170459,49,0
2.4662222702930845,26,False,True,5.2,0.7338946267279447,9,0
7.388610168621167,94,True,False,18.8,0.9504466752027545,38,0
4.256164778891069,107,True,False,21.4,1.4471657824973232,35,0
2.0663998753720962,59,False,True,11.8,0.9557610313495731,7,0
5.1186852233124265,115,True,False,23.0,1.4201621879739612,13,0
6.219591702964994,126,True,False,25.2,1.0390113941576062,55,0
2.226952800730392,151,False,False,30.2,1.0630513367619951,31,0
6.08948356037124,81,True,False,16.2,1.0314889142920323,30,0
3.3563655567445596,140,True,False,28.0,1.1295508933176301,33,0
3.2662955449106943,151,False,False,30.2,1.1870725244544431,29,0
3.998087544933873,48,False,True,9.6,1.5732145713838315,12,0
3.7884359520023088,151,False,False,30.2,1.003924647268197,57,0
2.3049185128882073,80,False,True,16.0,0.9718615691933373,24,0
5.793935284342809,87,True,False,17.4,1.0432342376766917,35,0
3.9614526039706957,151,False,False,30.2,1.2783627410288123,40,0
1.716576421279775,88,False,True,17.6,1.53829413431838,12,0
2.155541530293573,63,False,True,12.6,0.8854602288036709,8,0
5.920556713074982,110,True,False,22.0,1.176100380554514,49,0
1.0441330923504157,65,False,True,13.0,0.8399193438367876,32,0
2.295261121741892,151,False,False,30.2,0.8497737100105442,41,0
5.07830682808792,151,False,False,30.2,0.8871519247513561,46,0
0.8689696615894129,20,False,True,4.0,1.8011986100254689,3,0
6.522297987378692,63,True,False,12.6,0.7889510226744522,19,0
3.5030444309577393,151,False,False,30.2,0.8289296433640518,54,0
5.7920093702834174,135,True,False,27.0,1.4912135270362576,34,0
3.9447797874091775,128,True,False,25.6,0.9293340966345914,23,0
3.4662222702930845,151,False,False,30.2,1.0357081305304963,32,0
6.022061002817599,94,True,False,18.8,1.0347958446002756,33,0
2.6661708071871635,86,False,True,17.2,0.7866470143293056,10,0
6.3092269782095824,128,True,False,25.6,1.29280936990173,45,0
3.2660914489389246,32,False,True,6.4,1.1566622179075552,11,0
4.066109277787292,151,False,False,30.2,1.0119332244366859,48,0
3.377139030893381,148,True,False,29.6,0.8301432885597992,43,0
